﻿{
  "$schema": "https://gitee.com/dotnetchina/Furion/raw/v4/schemas/v4/furion-schema.json",

  "Cache": {
    "Prefix": "superApi_", // 全局缓存前缀
    "CacheType": "Memory", // Memory、Redis
    "Redis": {
      "Configuration": "server=127.0.0.1:6379;password=;db=5;", // Redis连接字符串
      "MaxMessageSize": "1048576" // 最大消息大小 默认1024 * 1024
    }
  },
  "Cluster": { // 集群配置 暂时不用
    "Enabled": false, // 启用集群：前提开启Redis缓存模式
    "ServerId": "unify", // 服务器标识
    "ServerIp": "", // 服务器IP
    "SignalR": {
      "RedisConfiguration": "127.0.0.1:6379,ssl=false,password=,defaultDatabase=5",
      "ChannelPrefix": "signalrPrefix_"
    },
    "DataProtecteKey": "Unify:DataProtection-Keys",
    "IsSentinel": false, // 是否哨兵模式
    "SentinelConfig": {
      "DefaultDb": "4",
      "EndPoints": [ // 哨兵端口
        // "10.10.0.124:26380"
      ],
      "MainPrefix": "unify:",
      "Password": "123456",
      "SentinelPassword": "unify",
      "ServiceName": "unify",
      "SignalRChannelPrefix": "signalR:"
    }
  }
}