<?xml version="1.0"?>
<doc>
    <assembly>
        <name>SuperApi.Core</name>
    </assembly>
    <members>
        <member name="T:SuperApi.Core.DataBase.BaseModel">
            <summary>
            框架实体基类
            </summary>
        </member>
        <member name="P:SuperApi.Core.DataBase.BaseModel.Id">
            <summary>
            主键Id
            </summary>
        </member>
        <member name="P:SuperApi.Core.DataBase.BaseModel.TenantId">
            <summary>
            租户Id
            </summary>
        </member>
        <member name="P:SuperApi.Core.DataBase.BaseModel.CreateTime">
            <summary>
            创建时间
            </summary>
        </member>
        <member name="P:SuperApi.Core.DataBase.BaseModel.UpdateTime">
            <summary>
            更新时间
            </summary>
        </member>
        <member name="P:SuperApi.Core.DataBase.BaseModel.CreateUserId">
            <summary>
            创建者Id
            </summary>
        </member>
        <member name="P:SuperApi.Core.DataBase.BaseModel.UpdateUserId">
            <summary>
            修改者Id
            </summary>
        </member>
        <member name="P:SuperApi.Core.DataBase.BaseModel.IsDelete">
            <summary>
            软删除
            </summary>
        </member>
        <member name="T:SuperApi.Core.DataBase.Model.Field">
            <summary>
            数据表的字段
            </summary>
        </member>
        <member name="P:SuperApi.Core.DataBase.Model.Field.TableId">
            <summary>
            关联表ID
            </summary>
        </member>
        <member name="P:SuperApi.Core.DataBase.Model.Field.FieldName">
            <summary>
            字段名称
            </summary>
        </member>
        <member name="P:SuperApi.Core.DataBase.Model.Field.FieldType">
            <summary>
            字段类型
            </summary>
        </member>
        <member name="P:SuperApi.Core.DataBase.Model.Field.FieldComment">
            <summary>
            字段注释
            </summary>
        </member>
        <member name="T:SuperApi.Core.DataBase.Model.Table">
            <summary>
            数据表
            </summary>
        </member>
        <member name="P:SuperApi.Core.DataBase.Model.Table.TableName">
            <summary>
            表名
            </summary>
        </member>
        <member name="P:SuperApi.Core.DataBase.Model.Table.TableComment">
            <summary>
            表注释
            </summary>
        </member>
        <member name="T:SuperApi.Core.DataBase.Model.Tenant">
            <summary>
            租户表
            </summary>
        </member>
        <member name="P:SuperApi.Core.DataBase.Model.Tenant.Account">
            <summary>
            账号，即库名，要求不能有中文：英文，英文加数字
            Id 即数据库的ConnId
            </summary>
        </member>
        <member name="P:SuperApi.Core.DataBase.Model.Tenant.Password">
            <summary>
            密码
            </summary>
        </member>
        <member name="P:SuperApi.Core.DataBase.Model.Tenant.Host">
            <summary>
            数据库地址
            </summary>
        </member>
        <member name="P:SuperApi.Core.DataBase.Model.Tenant.DbType">
            <summary>
            数据库类型
            </summary>
        </member>
        <member name="P:SuperApi.Core.DataBase.Model.Tenant.ConnAccount">
            <summary>
            数据库账号
            </summary>
        </member>
        <member name="P:SuperApi.Core.DataBase.Model.Tenant.ConnPassword">
            <summary>
            数据库密码
            </summary>
        </member>
        <member name="P:SuperApi.Core.DataBase.Model.Tenant.OrderNo">
            <summary>
            排序
            </summary>
        </member>
        <member name="P:SuperApi.Core.DataBase.Model.Tenant.Remark">
            <summary>
            备注
            </summary>
        </member>
        <member name="P:SuperApi.Core.DataBase.Model.Tenant.Status">
            <summary>
            状态
            </summary>
        </member>
        <member name="P:SuperApi.Core.DataBase.Model.Tenant.RealName">
            <summary>
            真实姓名
            </summary>
        </member>
        <member name="P:SuperApi.Core.DataBase.Model.Tenant.NickName">
            <summary>
            昵称
            </summary>
        </member>
        <member name="P:SuperApi.Core.DataBase.Model.Tenant.Avatar">
            <summary>
            头像
            </summary>
        </member>
        <member name="P:SuperApi.Core.DataBase.Model.Tenant.Sex">
            <summary>
            性别-男_1、女_2
            </summary>
        </member>
        <member name="P:SuperApi.Core.DataBase.Model.Tenant.Age">
            <summary>
            年龄
            </summary>
        </member>
        <member name="P:SuperApi.Core.DataBase.Model.Tenant.Birthday">
            <summary>
            出生日期
            </summary>
        </member>
        <member name="P:SuperApi.Core.DataBase.Model.Tenant.Nation">
            <summary>
            民族
            </summary>
        </member>
        <member name="P:SuperApi.Core.DataBase.Model.Tenant.Phone">
            <summary>
            手机号码
            </summary>
        </member>
        <member name="P:SuperApi.Core.DataBase.Model.Tenant.Email">
            <summary>
            邮箱
            </summary>
        </member>
        <member name="P:SuperApi.Core.DataBase.Model.Tenant.LastLoginIp">
            <summary>
            最新登录Ip
            </summary>
        </member>
        <member name="P:SuperApi.Core.DataBase.Model.Tenant.LastLoginAddress">
            <summary>
            最新登录地点
            </summary>
        </member>
        <member name="P:SuperApi.Core.DataBase.Model.Tenant.LastLoginTime">
            <summary>
            最新登录时间
            </summary>
        </member>
        <member name="P:SuperApi.Core.DataBase.Model.Tenant.LastLoginDevice">
            <summary>
            最新登录设备
            </summary>
        </member>
        <member name="P:SuperApi.Core.DataBase.Model.Tenant.IsExpire">
            <summary>
            付费是否到期
            </summary>
        </member>
        <member name="T:SuperApi.Core.DataBase.Repository`1">
            <summary>
            Repository 实体仓储
            </summary>
            <typeparam name="T"></typeparam>
        </member>
        <member name="M:SuperApi.Core.DataBase.Repository`1.#ctor(SqlSugar.ISqlSugarClient)">
            <summary>
            全局仓储对象
            </summary>
            <param name="db"></param>
        </member>
        <member name="M:SuperApi.Core.DataBase.Repository`1.Page(System.Int32,System.Int32,System.Collections.Generic.Dictionary{System.String,System.String})">
            <summary>
            通用分页条件查询
            </summary>
            <param name="page"></param>
            <param name="pageSize"></param>
            <param name="param"></param>
            <returns></returns>
        </member>
        <member name="M:SuperApi.Core.DataBase.Repository`1.List(System.Collections.Generic.Dictionary{System.String,System.String})">
            <summary>
            通用列表条件查询
            </summary>
            <param name="param"></param>
            <returns></returns>
        </member>
        <member name="M:SuperApi.Core.DataBase.Repository`1.TreeList(System.Collections.Generic.Dictionary{System.String,System.String},System.String,System.String,System.Nullable{System.Int32},System.String)">
            <summary>
            通用树形列表条件查询
            </summary>
            <param name="childPropertyName">子项属性名称 默认Children</param>
            <param name="parentIdPropertyName">父级ID属性名称 默认Pid</param>
            <param name="rootValue">根值：从哪一级开始构造 默认0 顶级</param>
            <param name="primaryKeyPropertyName">主键属性名称 默认Id</param>
            <param name="param"></param>
            <returns></returns>
        </member>
        <member name="M:SuperApi.Core.DataBase.Repository`1.One(System.Collections.Generic.Dictionary{System.String,System.String})">
            <summary>
            通用条件查询一条记录
            </summary>
            <param name="param"></param>
            <returns></returns>
        </member>
        <member name="M:SuperApi.Core.DataBase.Repository`1.Add(`0)">
            <summary>
            添加
            </summary>
            <param name="model">实体对象</param>
            <returns></returns>
        </member>
        <member name="M:SuperApi.Core.DataBase.Repository`1.Edit(`0)">
            <summary>
            修改
            </summary>
            <param name="model">实体对象,必须包含Id</param>
            <returns></returns>
        </member>
        <member name="M:SuperApi.Core.DataBase.Repository`1.Del(`0)">
            <summary>
            删除
            </summary>
            <param name="model">实体对象,必须包含Id</param>
            <returns></returns>
        </member>
        <member name="T:SuperApi.Core.DataBase.Setup">
            <summary>
            ORM初始化
            </summary>
        </member>
        <member name="M:SuperApi.Core.DataBase.Setup.AddSqlSugar(Microsoft.Extensions.DependencyInjection.IServiceCollection)">
            <summary>
            SqlSugar服务
            </summary>
            <param name="services"></param>
        </member>
        <member name="M:SuperApi.Core.DataBase.Setup.SeedInit(SqlSugar.SqlSugarScope)">
            <summary>
            初始化Tenant表
            </summary>
        </member>
        <member name="T:SuperApi.Core.Dto.Auth.LoginInput">
            <summary>
            用户登录参数
            </summary>
        </member>
        <member name="P:SuperApi.Core.Dto.Auth.LoginInput.Account">
            <summary>
            账号
            </summary>
            <example>admin</example>
        </member>
        <member name="P:SuperApi.Core.Dto.Auth.LoginInput.Password">
            <summary>
            密码
            </summary>
            <example>123456</example>
        </member>
        <member name="P:SuperApi.Core.Dto.Auth.LoginInput.CodeId">
            <summary>
            验证码Id
            </summary>
        </member>
        <member name="P:SuperApi.Core.Dto.Auth.LoginInput.Code">
            <summary>
            验证码
            </summary>
        </member>
        <member name="T:SuperApi.Core.Dto.Auth.LoginOutput">
            <summary>
            用户登录结果
            </summary>
        </member>
        <member name="P:SuperApi.Core.Dto.Auth.LoginOutput.AccessToken">
            <summary>
            令牌Token
            </summary>
        </member>
        <member name="P:SuperApi.Core.Dto.Auth.LoginOutput.RefreshToken">
            <summary>
            刷新Token
            </summary>
        </member>
        <member name="T:SuperApi.Core.Dto.DyDto">
            <summary>
            动态模块Dto
            </summary>
        </member>
        <member name="P:SuperApi.Core.Dto.DyDto.TableId">
            <summary>
            表ID
            </summary>
        </member>
        <member name="P:SuperApi.Core.Dto.DyDto.Param">
            <summary>
            参数
            </summary>
        </member>
        <member name="P:SuperApi.Core.Dto.DyDto.PageNum">
            <summary>
            页码
            </summary>
        </member>
        <member name="P:SuperApi.Core.Dto.DyDto.PageSize">
            <summary>
            每页数量
            </summary>
        </member>
        <member name="T:SuperApi.Core.Dto.PageDto">
            <summary>
            统一分页返回数据格式
            </summary>
        </member>
        <member name="P:SuperApi.Core.Dto.PageDto.List">
            <summary>
            分页数据列表
            </summary>
        </member>
        <member name="P:SuperApi.Core.Dto.PageDto.TotalPage">
            <summary>
            总页数
            </summary>
        </member>
        <member name="P:SuperApi.Core.Dto.PageDto.CurrentPage">
            <summary>
            当前页
            </summary>
        </member>
        <member name="P:SuperApi.Core.Dto.PageDto.PageSize">
            <summary>
            每页数量
            </summary>
        </member>
        <member name="T:SuperApi.Core.Dto.RDto">
            <summary>
            统一接口返回DTO
            </summary>
        </member>
        <member name="F:SuperApi.Core.Dto.RDto._r">
            <summary>
            
            </summary>
        </member>
        <member name="M:SuperApi.Core.Dto.RDto.#ctor">
            <summary>
            统一接口返回结果实例
            </summary>
        </member>
        <member name="P:SuperApi.Core.Dto.RDto.Code">
            <summary>
            状态码
            </summary>
        </member>
        <member name="P:SuperApi.Core.Dto.RDto.Msg">
            <summary>
            状态信息
            </summary>
        </member>
        <member name="P:SuperApi.Core.Dto.RDto.Data">
            <summary>
            返回结果
            </summary>
        </member>
        <member name="M:SuperApi.Core.Dto.RDto.R(System.Net.HttpStatusCode,System.Object,System.String)">
            <summary>
            统一接口返回
            </summary>
            <param name="code"></param>
            <param name="msg"></param>
            <param name="data"></param>
        </member>
        <member name="T:SuperApi.Core.Enum.CryptogramEnum">
            <summary>
            密码加密枚举
            </summary>
        </member>
        <member name="F:SuperApi.Core.Enum.CryptogramEnum.MD5">
            <summary>
            MD5
            </summary>
        </member>
        <member name="F:SuperApi.Core.Enum.CryptogramEnum.SM2">
            <summary>
            SM2（国密）
            </summary>
        </member>
        <member name="F:SuperApi.Core.Enum.CryptogramEnum.SM4">
            <summary>
            SM4（国密）
            </summary>
        </member>
        <member name="T:SuperApi.Core.Enum.GenderEnum">
            <summary>
            性别枚举
            </summary>
        </member>
        <member name="F:SuperApi.Core.Enum.GenderEnum.Male">
            <summary>
            男
            </summary>
        </member>
        <member name="F:SuperApi.Core.Enum.GenderEnum.Female">
            <summary>
            女
            </summary>
        </member>
        <member name="F:SuperApi.Core.Enum.GenderEnum.Other">
            <summary>
            其他
            </summary>
        </member>
        <member name="T:SuperApi.Core.Enum.StatusEnum">
            <summary>
            通用状态枚举
            </summary>
        </member>
        <member name="F:SuperApi.Core.Enum.StatusEnum.Enable">
            <summary>
            启用
            </summary>
        </member>
        <member name="F:SuperApi.Core.Enum.StatusEnum.Disable">
            <summary>
            停用
            </summary>
        </member>
        <member name="T:SuperApi.Core.Handle.GlobalResponseHandle">
            <summary>
            全局异常中间件
            </summary>
        </member>
        <member name="M:SuperApi.Core.Handle.GlobalResponseHandle.#ctor(Microsoft.AspNetCore.Http.RequestDelegate)">
            <summary>
            注入下一个中间件
            </summary>
            <param name="next"></param>
        </member>
        <member name="M:SuperApi.Core.Handle.GlobalResponseHandle.InvokeAsync(Microsoft.AspNetCore.Http.HttpContext)">
            <summary>
            执行
            </summary>
            <param name="httpContext"></param>
        </member>
        <member name="T:SuperApi.Core.Handle.MyGlobalExceptionMiddlewareExtensions">
            <summary>
            拓展方法
            </summary>
        </member>
        <member name="M:SuperApi.Core.Handle.MyGlobalExceptionMiddlewareExtensions.UseGlobalExceptionHandle(Microsoft.AspNetCore.Builder.IApplicationBuilder)">
            <summary>
            全局异常处理
            </summary>
            <param name="app"></param>
            <returns></returns>
        </member>
        <member name="T:SuperApi.Core.Option.ConfigurationOption">
            <summary>
            全局配置选项
            </summary>
        </member>
        <member name="F:SuperApi.Core.Option.ConfigurationOption.config">
            <summary>
            配置
            </summary>
        </member>
        <member name="M:SuperApi.Core.Option.ConfigurationOption.Initialize(Microsoft.Extensions.Configuration.IConfiguration)">
            <summary>
            上下文关联
            </summary>
            <param name="configuration"></param>
        </member>
        <member name="T:SuperApi.Core.Option.ResponseMsgOption">
            <summary>
            全局响应提示选项
            </summary>
        </member>
        <member name="F:SuperApi.Core.Option.ResponseMsgOption.OpSuccess">
            <summary>
            操作成功
            </summary>
        </member>
        <member name="F:SuperApi.Core.Option.ResponseMsgOption.OpAddFail">
            <summary>
            添加失败
            </summary>
        </member>
        <member name="F:SuperApi.Core.Option.ResponseMsgOption.OpEditFail">
            <summary>
            修改失败
            </summary>
        </member>
        <member name="F:SuperApi.Core.Option.ResponseMsgOption.OpDelFail">
            <summary>
            删除失败
            </summary>
        </member>
        <member name="F:SuperApi.Core.Option.ResponseMsgOption.NotTableId">
            <summary>
            TableId不存在
            </summary>
        </member>
        <member name="F:SuperApi.Core.Option.ResponseMsgOption.NotTablesId">
            <summary>
            NotTablesId
            </summary>
        </member>
        <member name="F:SuperApi.Core.Option.ResponseMsgOption.NotTenantId">
            <summary>
            NotTenantId
            </summary>
        </member>
        <member name="F:SuperApi.Core.Option.ResponseMsgOption.HaveTenantTable">
            <summary>
            HaveTenantTable
            </summary>
        </member>
        <member name="F:SuperApi.Core.Option.ResponseMsgOption.NotId">
            <summary>
            Id不存在
            </summary>
        </member>
        <member name="F:SuperApi.Core.Option.ResponseMsgOption.ServerError">
            <summary>
            服务器异常
            </summary>
        </member>
        <member name="T:SuperApi.Core.Provider.CacheProvider">
            <summary>
            缓存服务提供者
            </summary>
        </member>
        <member name="F:SuperApi.Core.Provider.CacheProvider._cache">
            <summary>
            缓存提供者
            </summary>
        </member>
        <member name="M:SuperApi.Core.Provider.CacheProvider.#ctor(Microsoft.Extensions.Configuration.IConfiguration,EasyCaching.Core.IEasyCachingProviderFactory)">
            <summary>
            缓存服务
            </summary>
            <param name="config"></param>
            <param name="cache"></param>
        </member>
        <member name="M:SuperApi.Core.Provider.CacheProvider.GetKeyList">
            <summary>
            获取缓存集合
            </summary>
            <returns></returns>
        </member>
        <member name="M:SuperApi.Core.Provider.CacheProvider.SetAway(System.String,System.Object)">
            <summary>
            增加永久缓存，需手动删除
            </summary>
            <param name="key"></param>
            <param name="value"></param>
            <returns></returns>
        </member>
        <member name="M:SuperApi.Core.Provider.CacheProvider.Set(System.String,System.Object,System.TimeSpan)">
            <summary>
            增加缓存并设置过期时间
            </summary>
            <param name="key"></param>
            <param name="value"></param>
            <param name="expire"></param>
            <returns></returns>
        </member>
        <member name="M:SuperApi.Core.Provider.CacheProvider.Get``1(System.String)">
            <summary>
            获取缓存
            </summary>
            <typeparam name="T"></typeparam>
            <param name="key"></param>
            <returns></returns>
        </member>
        <member name="M:SuperApi.Core.Provider.CacheProvider.Remove(System.String)">
            <summary>
            删除缓存
            </summary>
            <param name="key"></param>
            <returns></returns>
        </member>
        <member name="M:SuperApi.Core.Provider.CacheProvider.RemoveByPrefixKey(System.String)">
            <summary>
            根据前缀删除所有缓存
            </summary>
            <param name="prefixKey">键名前缀</param>
            <returns></returns>
        </member>
        <member name="M:SuperApi.Core.Provider.CacheProvider.GetKeysByPrefixKey">
            <summary>
            根据键名前缀获取缓存集合
            </summary>
            <returns></returns>
        </member>
        <member name="T:SuperApi.Core.Service.AuthAppService">
            <summary>
            Auth模块API服务 
            </summary>
        </member>
        <member name="M:SuperApi.Core.Service.AuthAppService.#ctor(SuperApi.Core.DataBase.Repository{SuperApi.Core.DataBase.Model.Tenant},Microsoft.AspNetCore.Http.IHttpContextAccessor,Microsoft.Extensions.Configuration.IConfiguration,SuperApi.Core.Provider.CacheProvider)">
            <summary>
            授权模块API服务实例
            </summary>
            <param name="db"></param>
            <param name="httpContextAccessor"></param>
            <param name="config"></param>
            <param name="cache"></param>
        </member>
        <member name="M:SuperApi.Core.Service.AuthAppService.Login(SuperApi.Core.Dto.Auth.LoginInput)">
            <summary>
            获取租户信息
            </summary> 
            <returns></returns>
        </member>
        <member name="M:SuperApi.Core.Service.AuthAppService.GetUserInfo">
            <summary>
            根据token获取用户信息
            </summary>
            <returns></returns>
        </member>
        <member name="M:SuperApi.Core.Service.AuthAppService.CreateToken(System.Nullable{System.Int64},System.Boolean)">
            <summary>
            根据tenantId生成RefreshToken
            token的过期时间是JWTSettings:ExpiredTime秒
            refreshToken过期时间应该设置久一点
            </summary>
            <param name="tenantId"></param>
            <param name="isRefresh"></param>
            <returns></returns>
        </member>
        <member name="M:SuperApi.Core.Service.AuthAppService.DecodeJwt(System.String)">
            <summary>
            对jwt字符串 解码
            </summary> 
        </member>
        <member name="M:SuperApi.Core.Service.AuthAppService.RefreshToken">
            <summary>
            商业版实现
            根据token判断如果只是accesstoken过期则刷新，2个都过期则重新登录
            </summary>
            <returns></returns>
        </member>
        <member name="M:SuperApi.Core.Service.AuthAppService.CancelToken">
            <summary>
             商业版实现 此版本暂时不提供
            强制accesstoken和refreshtoken失效
            将2个token值，key为前缀+tenantid存入缓存中，相当于黑名单
            jwt校验通过后查询一下缓存里是否有这2个token，有任意一个即无法登录
            </summary>
            <param name="headerToken"></param>
            <returns></returns>
        </member>
        <member name="T:SuperApi.Core.Service.DynamicAppService">
            <summary>
            动态API模块API服务 
            </summary>
        </member>
        <member name="M:SuperApi.Core.Service.DynamicAppService.#ctor(System.IServiceProvider,Microsoft.Extensions.Configuration.IConfiguration)">
            <summary>
            租户模块API服务实例
            </summary>
            <param name="service"></param>
        </member>
        <member name="M:SuperApi.Core.Service.DynamicAppService.GetList(System.Int64,System.Collections.Generic.Dictionary{System.String,System.String})">
            <summary>
            根据TableId以及条件参数动态查询列表数据
            </summary>
            <param name="tableId">表ID</param>
            <param name="param">条件参数</param>
            <returns></returns>
            <exception cref="T:System.Exception"></exception>
        </member>
        <member name="M:SuperApi.Core.Service.DynamicAppService.GetPage(System.Int64,System.Collections.Generic.Dictionary{System.String,System.String})">
            <summary>
            根据TableId以及条件参数动态查询分页数据
            </summary>
            <param name="tableId">表ID</param>
            <param name="param">条件参数</param>
            <returns></returns>
            <exception cref="T:System.Exception"></exception>
        </member>
        <member name="M:SuperApi.Core.Service.DynamicAppService.GetTree(System.Int64,System.Collections.Generic.Dictionary{System.String,System.String})">
            <summary>
            根据TableId和父级属性名称以及条件参数动态查询Tree数据
            </summary>
            <param name="tableId">表ID</param>
            <param name="param">条件参数</param>
            <returns></returns>
            <exception cref="T:System.Exception"></exception>
        </member>
        <member name="M:SuperApi.Core.Service.DynamicAppService.GetOne(System.Int64,System.Collections.Generic.Dictionary{System.String,System.String})">
            <summary>
            根据TableId和条件参数动态查询一条数据
            </summary>
            <param name="tableId">表ID</param>
            <param name="param">条件参数</param>
            <returns></returns>
            <exception cref="T:System.Exception"></exception>
        </member>
        <member name="M:SuperApi.Core.Service.DynamicAppService.Add(SuperApi.Core.Dto.DyDto)">
            <summary>
            根据TableId和参数动态添加一条记录
            </summary>
            <param name="param">参数</param>
            <returns></returns>
            <exception cref="T:System.Exception"></exception>
        </member>
        <member name="M:SuperApi.Core.Service.DynamicAppService.Edit(SuperApi.Core.Dto.DyDto)">
            <summary>
            根据TableId和参数动态修改一条记录
            </summary>
            <param name="param">参数</param>
            <returns></returns>
            <exception cref="T:System.Exception"></exception>
        </member>
        <member name="M:SuperApi.Core.Service.DynamicAppService.Del(SuperApi.Core.Dto.DyDto)">
            <summary>
            根据TableId和参数动态删除一条记录
            </summary>
            <param name="tableId">表ID</param>
            <param name="param">参数</param>
            <returns></returns>
            <exception cref="T:System.Exception"></exception>
        </member>
        <member name="M:SuperApi.Core.Service.DynamicAppService.GenDynamicType(System.Int64)">
            <summary>
            根据表id构建实体类
            </summary>
            <param name="tableId"></param>
            <returns></returns>
            <exception cref="T:System.Exception"></exception>
        </member>
        <member name="M:SuperApi.Core.Service.DynamicAppService.GenWhereType(System.String)">
            <summary>
            条件操作符转换
            </summary>
            <param name="typeCode"></param>
            <returns></returns>
        </member>
        <member name="T:SuperApi.Core.Service.FieldAppService">
            <summary>
            Field模块API服务 
            </summary>
        </member>
        <member name="M:SuperApi.Core.Service.FieldAppService.#ctor(System.IServiceProvider)">
            <summary>
            租户模块API服务实例
            </summary>
            <param name="service"></param>
        </member>
        <member name="M:SuperApi.Core.Service.FieldAppService.GetPage(System.Int32,System.Int32,System.Int64)">
            <summary>
            根据表Id分页查询数据表的字段
            </summary>
            <param name="page"></param>
            <param name="pageSize"></param>
            <param name="tableId"></param>
            <returns></returns>
            <exception cref="T:System.Exception"></exception>
        </member>
        <member name="M:SuperApi.Core.Service.FieldAppService.GetList(System.Int64)">
            <summary>
            根据表Id查询数据表的字段
            </summary>
            <param name="tableId"></param>
            <returns></returns>
            <exception cref="T:System.Exception"></exception>
        </member>
        <member name="M:SuperApi.Core.Service.FieldAppService.GenTable(System.Collections.Generic.List{SuperApi.Core.DataBase.Model.Field},System.String)">
            <summary>
            根据表ID迁移表结构
            </summary>
            <param name="propertyList"></param>
                /// <param name="tableName"></param>
            <exception cref="T:System.Exception"></exception>
        </member>
        <member name="M:SuperApi.Core.Service.FieldAppService.SaveAll(System.Collections.Generic.List{SuperApi.Core.DataBase.Model.Field})">
            <summary>
            根据表Id修改字段 字段保存后需要 迁移表结构
            </summary>
            <returns></returns>
        </member>
        <member name="M:SuperApi.Core.Service.FieldAppService.Del(SuperApi.Core.DataBase.Model.Field)">
            <summary>
            根据表Id删除字段
            </summary>
            <returns></returns>
        </member>
        <member name="T:SuperApi.Core.Service.IndexAppService">
            <summary>
            首页服务
            </summary>
        </member>
        <member name="M:SuperApi.Core.Service.IndexAppService.#ctor(Microsoft.AspNetCore.Http.IHttpContextAccessor)">
            <summary>
            首页服务API服务实例
            </summary>
            <param name="httpContextAccessor"></param>
        </member>
        <member name="M:SuperApi.Core.Service.IndexAppService.Index">
            <summary>
            加载静态文件并返回html首页
            </summary>
            <returns></returns>
        </member>
        <member name="T:SuperApi.Core.Service.TableAppService">
            <summary>
            Table模块API服务 
            </summary>
        </member>
        <member name="M:SuperApi.Core.Service.TableAppService.#ctor(System.IServiceProvider)">
            <summary>
            租户模块API服务实例
            </summary>
            <param name="service"></param>
        </member>
        <member name="M:SuperApi.Core.Service.TableAppService.GetList(System.Int64)">
            <summary>
            根据租户Id查询租户的所有数据表
            </summary>
            <param name="tenantId">租户ID</param>
            <returns></returns>
            <exception cref="T:System.Exception"></exception>
        </member>
        <member name="M:SuperApi.Core.Service.TableAppService.GetPage(System.Int32,System.Int32,System.Int64)">
            <summary>
            根据租户Id分页查询租户的所有数据表
            </summary>
            <param name="page">页码</param>
            <param name="pageSize">页数</param>
            <param name="tenantId">租户ID</param>
            <returns></returns>
            <exception cref="T:System.Exception"></exception>
        </member>
        <member name="M:SuperApi.Core.Service.TableAppService.Add(SuperApi.Core.DataBase.Model.Table)">
            <summary>
            根据租户Id添加数据表，添加表后，将框架默认字段添加进filed表 BaseModel
            </summary>
            <param name="model"></param>
            <returns></returns>
            <exception cref="T:System.Exception"></exception>
        </member>
        <member name="M:SuperApi.Core.Service.TableAppService.Edit(SuperApi.Core.DataBase.Model.Table)">
            <summary>
            根据租户Id修改数据表
            </summary>
            <param name="model"></param>
            <returns></returns>
            <exception cref="T:System.Exception"></exception>
        </member>
        <member name="M:SuperApi.Core.Service.TableAppService.Del(SuperApi.Core.DataBase.Model.Table)">
            <summary>
            删除指定数据表 ，删除后需要把表对应的字段表数据删掉，用事务
            </summary>
            <param name="model"></param>
            <returns></returns>
        </member>
        <member name="T:SuperApi.Core.Service.TenantAppService">
            <summary>
            租户模块API服务 
            </summary>
        </member>
        <member name="M:SuperApi.Core.Service.TenantAppService.#ctor(System.IServiceProvider,Microsoft.Extensions.Configuration.IConfiguration)">
            <summary>
            租户模块API服务实例
            </summary>
            <param name="service"></param>
        </member>
        <member name="M:SuperApi.Core.Service.TenantAppService.GetPage(System.Int32,System.Int32,System.Collections.Generic.Dictionary{System.String,System.String})">
            <summary>
            获取租户信息
            </summary>
            <returns></returns>
        </member>
        <member name="M:SuperApi.Core.Service.TenantAppService.Add(SuperApi.Core.DataBase.Model.Tenant)">
            <summary>
            新增租户信息并新建库表以及库连接id
            连接id会自动释放，无需手动
            </summary>
            <param name="model"></param>
            <returns></returns>
        </member>
        <member name="M:SuperApi.Core.Service.TenantAppService.Edit(SuperApi.Core.DataBase.Model.Tenant)">
            <summary>
            修改租户信息
            删除租户的数据库并新建库表
            </summary>
            <returns></returns>
        </member>
        <member name="M:SuperApi.Core.Service.TenantAppService.Del(SuperApi.Core.DataBase.Model.Tenant)">
            <summary>
            除租户信息
            并删除租户的数据库
            </summary>
            <param name="model"></param>
            <returns></returns>
        </member>
        <member name="T:SuperApi.Core.Utils.CryptogramUtil">
            <summary>
            加解密工具
            </summary>
        </member>
        <member name="M:SuperApi.Core.Utils.CryptogramUtil.Encrypt(System.String)">
            <summary>
            加密
            </summary>
            <param name="plainText"></param>
            <returns></returns>
        </member>
        <member name="M:SuperApi.Core.Utils.CryptogramUtil.Md5Encrypt(System.String)">
            <summary>
            Md5加密
            </summary>
            <param name="input"></param>
            <returns></returns>
        </member>
        <member name="M:SuperApi.Core.Utils.CryptogramUtil.Decrypt(System.String)">
            <summary>
            解密
            </summary>
            <param name="cipherText"></param>
            <returns></returns>
        </member>
        <member name="M:SuperApi.Core.Utils.CryptogramUtil.SM2Encrypt(System.String)">
            <summary>
            SM2加密
            </summary>
            <param name="plainText"></param>
            <returns></returns>
        </member>
        <member name="M:SuperApi.Core.Utils.CryptogramUtil.SM2Decrypt(System.String)">
            <summary>
            SM2解密
            </summary>
            <param name="cipherText"></param>
            <returns></returns>
        </member>
        <member name="M:SuperApi.Core.Utils.CryptogramUtil.SM4EncryptECB(System.String)">
            <summary>
            SM4加密（ECB）
            </summary>
            <param name="plainText"></param>
            <returns></returns>
        </member>
        <member name="M:SuperApi.Core.Utils.CryptogramUtil.SM4DecryptECB(System.String)">
            <summary>
            SM4解密（ECB）
            </summary>
            <param name="cipherText"></param>
            <returns></returns>
        </member>
        <member name="M:SuperApi.Core.Utils.CryptogramUtil.SM4EncryptCBC(System.String)">
            <summary>
            SM4加密（CBC）
            </summary>
            <param name="plainText"></param>
            <returns></returns>
        </member>
        <member name="M:SuperApi.Core.Utils.CryptogramUtil.SM4DecryptCBC(System.String)">
            <summary>
            SM4解密（CBC）
            </summary>
            <param name="cipherText"></param>
            <returns></returns>
        </member>
        <member name="T:SuperApi.Core.Utils.GM.GM">
            
             用BC的注意点：
             这个版本的BC对SM3withSM2的结果为asn1格式的r和s，如果需要直接拼接的r||s需要自己转换。下面rsAsn1ToPlainByteArray、rsPlainByteArrayToAsn1就在干这事。
             这个版本的BC对SM2的结果为C1||C2||C3，据说为旧标准，新标准为C1||C3||C2，用新标准的需要自己转换。下面（被注释掉的）changeC1C2C3ToC1C3C2、changeC1C3C2ToC1C2C3就在干这事。java版的高版本有加上C1C3C2，csharp版没准以后也会加，但目前还没有，java版的目前可以初始化时“ SM2Engine sm2Engine = new SM2Engine(SM2Engine.Mode.C1C3C2);”。
            
        </member>
        <member name="M:SuperApi.Core.Utils.GM.GM.SignSm3WithSm2(System.Byte[],System.Byte[],Org.BouncyCastle.Crypto.AsymmetricKeyParameter)">
            
             @param msg
             @param userId
             @param privateKey
             @return r||s，直接拼接byte数组的rs
        </member>
        <member name="M:SuperApi.Core.Utils.GM.GM.SignSm3WithSm2Asn1Rs(System.Byte[],System.Byte[],Org.BouncyCastle.Crypto.AsymmetricKeyParameter)">
            @param msg
            @param userId
            @param privateKey
            @return rs in <b>asn1 format</b>
        </member>
        <member name="M:SuperApi.Core.Utils.GM.GM.VerifySm3WithSm2(System.Byte[],System.Byte[],System.Byte[],Org.BouncyCastle.Crypto.AsymmetricKeyParameter)">
            
             @param msg
             @param userId
             @param rs r||s，直接拼接byte数组的rs
             @param publicKey
             @return
        </member>
        <member name="M:SuperApi.Core.Utils.GM.GM.VerifySm3WithSm2Asn1Rs(System.Byte[],System.Byte[],System.Byte[],Org.BouncyCastle.Crypto.AsymmetricKeyParameter)">
            
             @param msg
             @param userId
             @param rs in <b>asn1 format</b>
             @param publicKey
             @return
        </member>
        <member name="M:SuperApi.Core.Utils.GM.GM.ChangeC1C2C3ToC1C3C2(System.Byte[])">
            bc加解密使用旧标c1||c2||c3，此方法在加密后调用，将结果转化为c1||c3||c2
            @param c1c2c3
            @return
        </member>
        <member name="M:SuperApi.Core.Utils.GM.GM.ChangeC1C3C2ToC1C2C3(System.Byte[])">
            bc加解密使用旧标c1||c3||c2，此方法在解密前调用，将密文转化为c1||c2||c3再去解密
            @param c1c3c2
            @return
        </member>
        <member name="M:SuperApi.Core.Utils.GM.GM.Sm2Decrypt(System.Byte[],Org.BouncyCastle.Crypto.AsymmetricKeyParameter)">
            c1||c3||c2
            @param data
            @param key
            @return
        </member>
        <member name="M:SuperApi.Core.Utils.GM.GM.Sm2Encrypt(System.Byte[],Org.BouncyCastle.Crypto.AsymmetricKeyParameter)">
            c1||c3||c2
            @param data
            @param key
            @return
        </member>
        <member name="M:SuperApi.Core.Utils.GM.GM.Sm2EncryptOld(System.Byte[],Org.BouncyCastle.Crypto.AsymmetricKeyParameter)">
            c1||c2||c3
            @param data
            @param key
            @return
        </member>
        <member name="M:SuperApi.Core.Utils.GM.GM.Sm2DecryptOld(System.Byte[],Org.BouncyCastle.Crypto.AsymmetricKeyParameter)">
            c1||c2||c3
            @param data
            @param key
            @return
        </member>
        <member name="M:SuperApi.Core.Utils.GM.GM.Sm3(System.Byte[])">
            @param bytes
            @return
        </member>
        <member name="M:SuperApi.Core.Utils.GM.GM.RsAsn1ToPlainByteArray(System.Byte[])">
            BC的SM3withSM2签名得到的结果的rs是asn1格式的，这个方法转化成直接拼接r||s
            @param rsDer rs in asn1 format
            @return sign result in plain byte array
        </member>
        <member name="M:SuperApi.Core.Utils.GM.GM.RsPlainByteArrayToAsn1(System.Byte[])">
            BC的SM3withSM2验签需要的rs是asn1格式的，这个方法将直接拼接r||s的字节数组转化成asn1格式
            @param sign in plain byte array
            @return rs result in asn1 format
        </member>
        <member name="M:SuperApi.Core.Utils.GM.GM.Join(System.Byte[][])">
             字节数组拼接
            
             @param params
             @return
        </member>
        <member name="M:SuperApi.Core.Utils.GM.GM.KDF(System.Byte[],System.Int32)">
             密钥派生函数
            
             @param Z
             @param klen
                        生成klen字节数长度的密钥
             @return
        </member>
        <member name="M:SuperApi.Core.Utils.GM.GM.ReadSm2File(System.Byte[],System.String)">
            cfca官网CSP沙箱导出的sm2文件
            @param pem 二进制原文
            @param pwd 密码
            @return
        </member>
        <member name="M:SuperApi.Core.Utils.GM.GM.ReadSm2X509Cert(System.Byte[])">
            
             @param cert
             @return
        </member>
        <member name="T:SuperApi.Core.Utils.GM.GMUtil">
            <summary>
            GM工具类
            </summary>
        </member>
        <member name="M:SuperApi.Core.Utils.GM.GMUtil.SM2Encrypt(System.String,System.String)">
            <summary>
            SM2加密
            </summary>
            <param name="publicKeyHex"></param>
            <param name="data_string"></param>
            <returns></returns>
        </member>
        <member name="M:SuperApi.Core.Utils.GM.GMUtil.SM2Decrypt(System.String,System.String)">
            <summary>
            SM2解密
            </summary>
            <param name="privateKey_string"></param>
            <param name="encryptedData_string"></param>
            <returns></returns>
        </member>
        <member name="M:SuperApi.Core.Utils.GM.GMUtil.SM4EncryptECB(System.String)">
            <summary>
            SM4加密（ECB）
            </summary>
            <param name="plainText"></param>
            <returns></returns>
        </member>
        <member name="M:SuperApi.Core.Utils.GM.GMUtil.SM4DecryptECB(System.String)">
            <summary>
            SM4解密（ECB）
            </summary>
            <param name="cipherText"></param>
            <returns></returns>
        </member>
        <member name="M:SuperApi.Core.Utils.GM.GMUtil.SM4EncryptCBC(System.String)">
            <summary>
            SM4加密（CBC）
            </summary>
            <param name="plainText"></param>
            <returns></returns>
        </member>
        <member name="M:SuperApi.Core.Utils.GM.GMUtil.SM4DecryptCBC(System.String)">
            <summary>
            SM4解密（CBC）
            </summary>
            <param name="cipherText"></param>
            <returns></returns>
        </member>
        <member name="T:SuperApi.Core.Utils.LongToStringConverter">
            <summary>
            设置返回Json名称全小写
            </summary>
        </member>
        <member name="M:SuperApi.Core.Utils.LongToStringConverter.ReadJson(Newtonsoft.Json.JsonReader,System.Type,System.Int64,System.Boolean,Newtonsoft.Json.JsonSerializer)">
            <summary>
            
            </summary>
            <param name="reader"></param>
            <param name="objectType"></param>
            <param name="existingValue"></param>
            <param name="hasExistingValue"></param>
            <param name="serializer"></param>
            <returns></returns>
        </member>
        <member name="M:SuperApi.Core.Utils.LongToStringConverter.WriteJson(Newtonsoft.Json.JsonWriter,System.Int64,Newtonsoft.Json.JsonSerializer)">
            <summary>
            
            </summary>
            <param name="writer"></param>
            <param name="value"></param>
            <param name="serializer"></param>
        </member>
        <member name="T:SuperApi.Core.Utils.Tools">
            <summary>
            工具类
            </summary>
        </member>
        <member name="M:SuperApi.Core.Utils.Tools.GenWhereType(System.String)">
            <summary>
            条件操作符转换
            </summary>
            <param name="typeCode"></param>
            <returns></returns>
        </member>
    </members>
</doc>
