{
  "$schema": "https://gitee.com/dotnetchina/Furion/raw/v4/schemas/v4/furion-schema.json",

  "Email": {
    "Host": "smtp.163.com", // 主机
    "Port": 465, // 端口 465、994、25
    "EnableSsl": true, // 启用SSL
    "DefaultFromEmail": "zuohuaijun@163.com", // 默认发件者邮箱
    "DefaultToEmail": "515096995@qq.com", // 默认接收人邮箱
    "UserName": "zuohuaijun@163.com", // 邮箱账号
    "Password": "", // 邮箱授权码
    "DefaultFromName": "Unify 通用权限开发平台" // 默认邮件标题
  }
}