{
  "$schema": "https://gitee.com/dotnetchina/Furion/raw/v4/schemas/v4/furion-schema.json",

  // 代码生成配置项-程序集名称集合
  "CodeGen": {
    "EntityAssemblyNames": [ "Unify.Core", "Unify.Application" ],
    "BaseEntityNames": [ "EntityTenantId", "EntityTenant", "EntityBaseData", "EntityBase", "EntityBaseId" ],
    "EntityBaseColumn": {
      "EntityTenantId": [ "Id", "TenantId" ],
      "EntityTenant": [ "Id", "CreateTime", "UpdateTime", "CreateUserId", "UpdateUserId", "IsDelete", "TenantId" ],
      "EntityBaseData": [ "Id", "CreateTime", "UpdateTime", "CreateUserId", "UpdateUserId", "IsDelete", "CreateOrgId" ],
      "EntityBase": [ "Id", "CreateTime", "UpdateTime", "CreateUserId", "UpdateUserId", "IsDelete" ],
      "EntityBaseId": [ "Id" ]
      //"BaseId": [ "Id" ]
    },
    "FrontRootPath": "Web", // 前端项目根目录
    "BackendApplicationNamespaces": [ "Unify.Application", "Unify.Application2" ] // 后端生成到的项目
  }
}